{
    "name": "root",
    "gauges": {
        "VPlayer.Policy.Entropy.mean": {
            "value": 4.6973371505737305,
            "min": 4.6973371505737305,
            "max": 4.714752674102783,
            "count": 7
        },
        "VPlayer.Environment.EpisodeLength.mean": {
            "value": 10.732394366197184,
            "min": 10.64186046511628,
            "max": 11.240196078431373,
            "count": 7
        },
        "VPlayer.Self-play.ELO.mean": {
            "value": 5.031715134327925,
            "min": 5.031715134327925,
            "max": 989.8559252683758,
            "count": 7
        },
        "VPlayer.Policy.ExtrinsicValueEstimate.mean": {
            "value": 0.47594913840293884,
            "min": -0.003027005586773157,
            "max": 0.47594913840293884,
            "count": 7
        },
        "VPlayer.Environment.CumulativeReward.mean": {
            "value": 3.4223915629202426,
            "min": 3.206674618999495,
            "max": 4.259594762424746,
            "count": 7
        },
        "VPlayer.Policy.ExtrinsicReward.mean": {
            "value": 3.4223915629202426,
            "min": 3.206674618999495,
            "max": 4.259594762424746,
            "count": 7
        },
        "VPlayer.IsTraining.mean": {
            "value": 1.0,
            "min": 1.0,
            "max": 1.0,
            "count": 7
        },
        "VPlayer.Losses.PolicyLoss.mean": {
            "value": 0.019820439753433068,
            "min": 0.014456324675120414,
            "max": 0.020011159653464953,
            "count": 3
        },
        "VPlayer.Losses.ValueLoss.mean": {
            "value": 21.019361050923667,
            "min": 21.019361050923667,
            "max": 28.983207766215006,
            "count": 3
        },
        "VPlayer.Policy.LearningRate.mean": {
            "value": 0.0003,
            "min": 0.0003,
            "max": 0.0003,
            "count": 3
        },
        "VPlayer.Policy.Epsilon.mean": {
            "value": 0.20000000000000007,
            "min": 0.20000000000000007,
            "max": 0.20000000000000007,
            "count": 3
        },
        "VPlayer.Policy.Beta.mean": {
            "value": 0.005000000000000001,
            "min": 0.005000000000000001,
            "max": 0.005000000000000001,
            "count": 3
        }
    },
    "metadata": {
        "timer_format_version": "0.1.0",
        "start_time_seconds": "1610777606",
        "python_version": "3.8.5 (default, Sep  3 2020, 21:29:08) [MSC v.1916 64 bit (AMD64)]",
        "command_line_arguments": "C:\\Users\\Wijt\\.conda\\envs\\graduation-project\\Scripts\\mlagents-learn config/ppo/VPlayer.yaml --run-id=VPlayer-test --force",
        "mlagents_version": "0.23.0",
        "mlagents_envs_version": "0.23.0",
        "communication_protocol_version": "1.3.0",
        "pytorch_version": "1.7.0+cu110",
        "numpy_version": "1.18.5",
        "end_time_seconds": "1610777979"
    },
    "total": 372.6043856,
    "count": 1,
    "self": 0.007209499999987656,
    "children": {
        "run_training.setup": {
            "total": 0.011019799999999913,
            "count": 1,
            "self": 0.011019799999999913
        },
        "TrainerController.start_learning": {
            "total": 372.5861563,
            "count": 1,
            "self": 0.09587770000013052,
            "children": {
                "TrainerController._reset_env": {
                    "total": 9.534443099999999,
                    "count": 1,
                    "self": 9.534443099999999
                },
                "TrainerController.advance": {
                    "total": 362.60137189999995,
                    "count": 2613,
                    "self": 0.08723049999929344,
                    "children": {
                        "env_step": {
                            "total": 282.23808449999984,
                            "count": 2613,
                            "self": 269.73548289999957,
                            "children": {
                                "SubprocessEnvManager._take_step": {
                                    "total": 12.4541685000001,
                                    "count": 2613,
                                    "self": 0.2255576000003643,
                                    "children": {
                                        "TorchPolicy.evaluate": {
                                            "total": 12.228610899999735,
                                            "count": 1639,
                                            "self": 3.031838300001075,
                                            "children": {
                                                "TorchPolicy.sample_actions": {
                                                    "total": 9.19677259999866,
                                                    "count": 1639,
                                                    "self": 9.19677259999866
                                                }
                                            }
                                        }
                                    }
                                },
                                "workers": {
                                    "total": 0.048433100000149665,
                                    "count": 2612,
                                    "self": 0.0,
                                    "children": {
                                        "worker_root": {
                                            "total": 364.21301509999853,
                                            "count": 2612,
                                            "is_parallel": true,
                                            "self": 101.1146292999988,
                                            "children": {
                                                "steps_from_proto": {
                                                    "total": 0.0038287999999999656,
                                                    "count": 1,
                                                    "is_parallel": true,
                                                    "self": 0.00038659999999968164,
                                                    "children": {
                                                        "_process_vector_observation": {
                                                            "total": 0.003442200000000284,
                                                            "count": 6,
                                                            "is_parallel": true,
                                                            "self": 0.003442200000000284
                                                        }
                                                    }
                                                },
                                                "UnityEnvironment.step": {
                                                    "total": 263.0945569999997,
                                                    "count": 2612,
                                                    "is_parallel": true,
                                                    "self": 0.7295803000008618,
                                                    "children": {
                                                        "UnityEnvironment._generate_step_input": {
                                                            "total": 6.471466000000012,
                                                            "count": 2612,
                                                            "is_parallel": true,
                                                            "self": 6.471466000000012
                                                        },
                                                        "communicator.exchange": {
                                                            "total": 245.56820319999912,