{
    "name": "root",
    "gauges": {
        "CTest.Policy.Entropy.mean": {
            "value": 1.3771039247512817,
            "min": 1.2544844150543213,
            "max": 1.4169872999191284,
            "count": 62
        },
        "CTest.Policy.ExtrinsicValueEstimate.mean": {
            "value": 14.0994873046875,
            "min": -1.1929553747177124,
            "max": 14.113591194152832,
            "count": 62
        },
        "CTest.Environment.EpisodeLength.mean": {
            "value": 11.714465408805031,
            "min": 11.23734939759036,
            "max": 98.66304347826087,
            "count": 62
        },
        "CTest.Losses.PolicyLoss.mean": {
            "value": 0.23619273300771879,
            "min": 0.23619273300771879,
            "max": 0.25469146215278576,
            "count": 62
        },
        "CTest.Losses.ValueLoss.mean": {
            "value": 0.09637176592604522,
            "min": 0.09589442517663108,
            "max": 17.63917233463611,
            "count": 62
        },
        "CTest.Policy.LearningRate.mean": {
            "value": 0.0002631468998519383,
            "min": 0.0002631468998519383,
            "max": 0.00029969148010283996,
            "count": 62
        },
        "CTest.Policy.Epsilon.mean": {
            "value": 0.18771562918918921,
            "min": 0.18771562918918921,
            "max": 0.19989716000000002,
            "count": 62
        },
        "CTest.Policy.Beta.mean": {
            "value": 0.00043980658302702704,
            "min": 0.00043980658302702704,
            "max": 0.0004994960839999999,
            "count": 62
        },
        "CTest.Environment.CumulativeReward.mean": {
            "value": 14.883673339514145,
            "min": -2.309262206253496,
            "max": 14.886354366938273,
            "count": 62
        },
        "CTest.Policy.ExtrinsicReward.mean": {
            "value": 14.883673339514145,
            "min": -2.309262206253496,
            "max": 14.886354366938273,
            "count": 62
        },
        "CTest.IsTraining.mean": {
            "value": 1.0,
            "min": 1.0,
            "max": 1.0,
            "count": 62
        }
    },
    "metadata": {
        "timer_format_version": "0.1.0",
        "start_time_seconds": "1608963625",
        "python_version": "3.8.5 (default, Sep  3 2020, 21:29:08) [MSC v.1916 64 bit (AMD64)]",
        "command_line_arguments": "C:\\Users\\Wijt\\.conda\\envs\\graduation-project\\Scripts\\mlagents-learn config/ppo/CT2.yaml --run-id=CTTEST",
        "mlagents_version": "0.23.0",
        "mlagents_envs_version": "0.23.0",
        "communication_protocol_version": "1.3.0",
        "pytorch_version": "1.7.0+cu110",
        "numpy_version": "1.18.5",
        "end_time_seconds": "1608968495"
    },
    "total": 4870.1854949,
    "count": 1,
    "self": 0.056443100000251434,
    "children": {
        "run_training.setup": {
            "total": 0.010631599999999963,
            "count": 1,
            "self": 0.010631599999999963
        },
        "TrainerController.start_learning": {
            "total": 4870.1184201999995,
            "count": 1,
            "self": 4.403861200105894,
            "children": {
                "TrainerController._reset_env": {
                    "total": 11.968537699999999,
                    "count": 1,
                    "self": 11.968537699999999
                },
                "TrainerController.advance": {
                    "total": 4853.150654899894,
                    "count": 98410,
                    "self": 2.221954099976756,
                    "children": {
                        "env_step": {
                            "total": 4850.928700799917,
                            "count": 98410,
                            "self": 4467.212631099923,
                            "children": {
                                "SubprocessEnvManager._take_step": {
                                    "total": 381.0464433000459,
                                    "count": 98410,
                                    "self": 9.036832800011553,
                                    "children": {
                                        "TorchPolicy.evaluate": {
                                            "total": 372.00961050003434,
                                            "count": 68971,
                                            "self": 120.55271020005279,
                                            "children": {
                                                "TorchPolicy.sample_actions": {
                                                    "total": 251.45690029998156,
                                                    "count": 68971,
                                                    "self": 251.45690029998156
                                                }
                                            }
                                        }
                                    }
                                },
                                "workers": {
                                    "total": 2.669626399948685,
                                    "count": 98409,
                                    "self": 0.0,
                                    "children": {
                                        "worker_root": {
                                            "total": 4816.477488400091,
                                            "count": 98409,
                                            "is_parallel": true,
                                            "self": 2467.308682300099,
                                            "children": {
                                                "steps_from_proto": {
                                                    "total": 0.0003840999999997763,
                                                    "count": 1,
                                                    "is_parallel": true,
                                                    "self": 0.00011180000000088341,
                                                    "children": {
                                                        "_process_vector_observation": {
                                                            "total": 0.00027229999999889287,
                                                            "count": 2,
                                                            "is_parallel": true,
                                                            "self": 0.00027229999999889287
                                                        }
                                                    }
                                                },
                                                "UnityEnvironment.step": {
                                                    "total": 2349.168421999992,
                                                    "count": 98409,
                                                    "is_parallel": true,
                                                    "self": 14.215382499865427,
                                                    "children": {
                                                        "UnityEnvironment._generate_step_input": {
                                                            "total": 79.0894714001065,
                                                            "count": 98409,
                                                            "is_parallel": true,
                                                            "self": 79.0894714001065
                                                        },
                                                        "communicator.exchange": {
                                                            "total": 2215.6697401000215,
                                                            "count": 98409,
                                                            "is_parallel": true,