{
    "name": "root",
    "gauges": {
        "VPlayer.Policy.Entropy.mean": {
            "value": 3.187812089920044,
            "min": 1.546208381652832,
            "max": 4.71475887298584,
            "count": 85
        },
        "VPlayer.Environment.EpisodeLength.mean": {
            "value": 13.310344827586206,
            "min": 13.310344827586206,
            "max": 16.653710247349824,
            "count": 85
        },
        "VPlayer.Self-play.ELO.mean": {
            "value": 583.7577749253127,
            "min": 583.7577749253127,
            "max": 1153.7736673185614,
            "count": 85
        },
        "VPlayer.Policy.ExtrinsicValueEstimate.mean": {
            "value": -2.536007881164551,
            "min": -2.821377992630005,
            "max": 0.036518458276987076,
            "count": 85
        },
        "VPlayer.Environment.CumulativeReward.mean": {
            "value": -4.248209169054442,
            "min": -4.582496413199426,
            "max": -0.3667241363175984,
            "count": 85
        },
        "VPlayer.Policy.ExtrinsicReward.mean": {
            "value": -4.248209169054442,
            "min": -4.582496413199426,
            "max": -0.3667241363175984,
            "count": 85
        },
        "VPlayer.IsTraining.mean": {
            "value": 1.0,
            "min": 1.0,
            "max": 1.0,
            "count": 85
        },
        "VPlayer.Losses.PolicyLoss.mean": {
            "value": 0.109101045729282,
            "min": 0.08579598106443882,
            "max": 0.38563811282316846,
            "count": 41
        },
        "VPlayer.Losses.ValueLoss.mean": {
            "value": 0.2831843703985214,
            "min": 0.22629745155572892,
            "max": 87.67662069896856,
            "count": 41
        },
        "VPlayer.Policy.LearningRate.mean": {
            "value": 0.010000000000000002,
            "min": 0.010000000000000002,
            "max": 0.010000000000000002,
            "count": 41
        },
        "VPlayer.Policy.Epsilon.mean": {
            "value": 0.20000000000000007,
            "min": 0.20000000000000007,
            "max": 0.20000000000000007,
            "count": 41
        },
        "VPlayer.Policy.Beta.mean": {
            "value": 0.005000000000000001,
            "min": 0.005000000000000001,
            "max": 0.005000000000000001,
            "count": 41
        }
    },
    "metadata": {
        "timer_format_version": "0.1.0",
        "start_time_seconds": "1611139437",
        "python_version": "3.8.5 (default, Sep  3 2020, 21:29:08) [MSC v.1916 64 bit (AMD64)]",
        "command_line_arguments": "C:\\Users\\Wijt\\.conda\\envs\\graduation-project\\Scripts\\mlagents-learn config/ppo/VPlayer.yaml --run-id=VPlayer-CDR",
        "mlagents_version": "0.23.0",
        "mlagents_envs_version": "0.23.0",
        "communication_protocol_version": "1.3.0",
        "pytorch_version": "1.7.0+cu110",
        "numpy_version": "1.18.5",
        "end_time_seconds": "1611146110"
    },
    "total": 6672.9995659,
    "count": 1,
    "self": 0.010473199999978533,
    "children": {
        "run_training.setup": {
            "total": 0.0058227000000001805,
            "count": 1,
            "self": 0.0058227000000001805
        },
        "TrainerController.start_learning": {
            "total": 6672.98327,
            "count": 1,
            "self": 1.7179902999860133,
            "children": {
                "TrainerController._reset_env": {
                    "total": 8.289387700000018,
                    "count": 5,
                    "self": 8.289387700000018
                },
                "TrainerController.advance": {
                    "total": 6662.508606000013,
                    "count": 47823,
                    "self": 1.603433300116194,
                    "children": {
                        "env_step": {
                            "total": 6164.343446699917,
                            "count": 47823,
                            "self": 5633.43325029992,
                            "children": {
                                "SubprocessEnvManager._take_step": {
                                    "total": 529.9707266999994,
                                    "count": 47823,
                                    "self": 7.88977769998769,
                                    "children": {
                                        "TorchPolicy.evaluate": {
                                            "total": 522.0809490000117,
                                            "count": 71568,
                                            "self": 128.92767819999074,
                                            "children": {
                                                "TorchPolicy.sample_actions": {
                                                    "total": 393.153270800021,
                                                    "count": 71568,
                                                    "self": 393.153270800021
                                                }
                                            }
                                        }
                                    }
                                },
                                "workers": {
                                    "total": 0.9394696999982131,
                                    "count": 47822,
                                    "self": 0.0,
                                    "children": {
                                        "worker_root": {
                                            "total": 6663.478323999946,
                                            "count": 47822,
                                            "is_parallel": true,
                                            "self": 1176.9821629999324,
                                            "children": {
                                                "steps_from_proto": {
                                                    "total": 0.02109850000082858,
                                                    "count": 10,
                                                    "is_parallel": true,
                                                    "self": 0.002453600001668832,
                                                    "children": {
                                                        "_process_vector_observation": {
                                                            "total": 0.018644899999159747,
                                                            "count": 60,
                                                            "is_parallel": true,
                                                            "self": 0.018644899999159747
                                                        }
                                                    }
                                                },
                                                "UnityEnvironment.step": {
                                                    "total": 5486.475062500012,
                                                    "count": 47822,
                                                    "is_parallel": true,
                                                    "self": 15.581095300006382,
                                                    "children": {
                                                        "UnityEnvironment._generate_step_input": {
                                                            "total": 148.73788919995417,
                                                            "count": 47822,
                                                            "is_parallel": true,
                                                            "self": 148.73788919995417
                                                        },
                                                        "communicator.exchange": {
                                                            "total": 5089.883296599966,