{
    "name": "root",
    "gauges": {
        "VPlayer.Policy.Entropy.mean": {
            "value": 1.8031905889511108,
            "min": 1.4696649312973022,
            "max": 4.714743614196777,
            "count": 9
        },
        "VPlayer.Environment.EpisodeLength.mean": {
            "value": 13.705882352941176,
            "min": 13.326647564469914,
            "max": 17.35164835164835,
            "count": 9
        },
        "VPlayer.Self-play.ELO.mean": {
            "value": 819.8731058614632,
            "min": 819.8731058614632,
            "max": 1165.5265633488038,
            "count": 9
        },
        "VPlayer.Policy.ExtrinsicValueEstimate.mean": {
            "value": -0.9116592407226562,
            "min": -1.5127540826797485,
            "max": 0.08027996867895126,
            "count": 9
        },
        "VPlayer.Environment.CumulativeReward.mean": {
            "value": -0.8193080451558618,
            "min": -0.8561314652910291,
            "max": -0.7834845981172028,
            "count": 9
        },
        "VPlayer.Policy.ExtrinsicReward.mean": {
            "value": -0.8193080451558618,
            "min": -0.8561314652910291,
            "max": -0.7834845981172028,
            "count": 9
        },
        "VPlayer.IsTraining.mean": {
            "value": 1.0,
            "min": 1.0,
            "max": 1.0,
            "count": 9
        },
        "VPlayer.Losses.PolicyLoss.mean": {
            "value": 0.13051462781925996,
            "min": 0.12860866589471698,
            "max": 0.40651837481806674,
            "count": 4
        },
        "VPlayer.Losses.ValueLoss.mean": {
            "value": 0.11203492830197016,
            "min": 0.11203492830197016,
            "max": 183.38558438420296,
            "count": 4
        },
        "VPlayer.Policy.LearningRate.mean": {
            "value": 0.010000000000000002,
            "min": 0.010000000000000002,
            "max": 0.010000000000000002,
            "count": 4
        },
        "VPlayer.Policy.Epsilon.mean": {
            "value": 0.20000000000000007,
            "min": 0.20000000000000007,
            "max": 0.20000000000000007,
            "count": 4
        },
        "VPlayer.Policy.Beta.mean": {
            "value": 0.005000000000000001,
            "min": 0.005000000000000001,
            "max": 0.005000000000000001,
            "count": 4
        }
    },
    "metadata": {
        "timer_format_version": "0.1.0",
        "start_time_seconds": "1611130165",
        "python_version": "3.8.5 (default, Sep  3 2020, 21:29:08) [MSC v.1916 64 bit (AMD64)]",
        "command_line_arguments": "C:\\Users\\Wijt\\.conda\\envs\\graduation-project\\Scripts\\mlagents-learn config/ppo/VPlayer.yaml --run-id=VPlayer-OLARTIK --force",
        "mlagents_version": "0.23.0",
        "mlagents_envs_version": "0.23.0",
        "communication_protocol_version": "1.3.0",
        "pytorch_version": "1.7.0+cu110",
        "numpy_version": "1.18.5",
        "end_time_seconds": "1611135754"
    },
    "total": 5589.547317099999,
    "count": 1,
    "self": 0.00868599999921571,
    "children": {
        "run_training.setup": {
            "total": 0.009848199999999974,
            "count": 1,
            "self": 0.009848199999999974
        },
        "TrainerController.start_learning": {
            "total": 5589.5287829,
            "count": 1,
            "self": 0.3259165000190478,
            "children": {
                "TrainerController._reset_env": {
                    "total": 11.3868529,
                    "count": 1,
                    "self": 11.3868529
                },
                "TrainerController.advance": {
                    "total": 5577.418960699981,
                    "count": 9916,
                    "self": 0.3102686998881836,
                    "children": {
                        "env_step": {
                            "total": 668.6258360000475,
                            "count": 9916,
                            "self": 567.8361450000618,
                            "children": {
                                "SubprocessEnvManager._take_step": {
                                    "total": 100.61287119999301,
                                    "count": 9916,
                                    "self": 1.3887163999905283,
                                    "children": {
                                        "TorchPolicy.evaluate": {
                                            "total": 99.22415480000248,
                                            "count": 15934,
                                            "self": 25.11665209999441,
                                            "children": {
                                                "TorchPolicy.sample_actions": {
                                                    "total": 74.10750270000807,
                                                    "count": 15934,
                                                    "self": 74.10750270000807
                                                }
                                            }
                                        }
                                    }
                                },
                                "workers": {
                                    "total": 0.17681979999265174,
                                    "count": 9915,
                                    "self": 0.0,
                                    "children": {
                                        "worker_root": {
                                            "total": 5579.8948491,
                                            "count": 9915,
                                            "is_parallel": true,
                                            "self": 5032.846660800025,
                                            "children": {
                                                "steps_from_proto": {
                                                    "total": 0.005815600000000032,
                                                    "count": 2,
                                                    "is_parallel": true,
                                                    "self": 0.000959300000003438,
                                                    "children": {
                                                        "_process_vector_observation": {
                                                            "total": 0.004856299999996594,
                                                            "count": 12,
                                                            "is_parallel": true,
                                                            "self": 0.004856299999996594
                                                        }
                                                    }
                                                },
                                                "UnityEnvironment.step": {
                                                    "total": 547.0423726999747,
                                                    "count": 9915,
                                                    "is_parallel": true,
                                                    "self": 2.0290466999935006,
                                                    "children": {
                                                        "UnityEnvironment._generate_step_input": {
                                                            "total": 14.777594300008792,
                                                            "count": 9915,
                                                            "is_parallel": true,
                                                            "self": 14.777594300008792
                                                        },
                                                        "communicator.exchange": {
                                                            "total": 504.46069189999196,