{
    "name": "root",
    "gauges": {
        "VPlayer.Policy.Entropy.mean": {
            "value": 2.560312271118164,
            "min": 1.5413315296173096,
            "max": 4.714747428894043,
            "count": 26
        },
        "VPlayer.Environment.EpisodeLength.mean": {
            "value": 14.0,
            "min": 13.320916905444125,
            "max": 16.62676056338028,
            "count": 26
        },
        "VPlayer.Self-play.ELO.mean": {
            "value": 1215.9839319378104,
            "min": 1182.8014305912484,
            "max": 1230.4958163288227,
            "count": 26
        },
        "VPlayer.Policy.ExtrinsicValueEstimate.mean": {
            "value": -0.1509585827589035,
            "min": -1.0136021375656128,
            "max": 0.18978022038936615,
            "count": 26
        },
        "VPlayer.Environment.CumulativeReward.mean": {
            "value": -0.5692496831169997,
            "min": -0.6626549235443129,
            "max": 0.0031955960040835484,
            "count": 26
        },
        "VPlayer.Policy.ExtrinsicReward.mean": {
            "value": -0.5692496831169997,
            "min": -0.6626549235443129,
            "max": 0.0031955960040835484,
            "count": 26
        },
        "VPlayer.IsTraining.mean": {
            "value": 1.0,
            "min": 1.0,
            "max": 1.0,
            "count": 26
        },
        "VPlayer.Losses.PolicyLoss.mean": {
            "value": 0.1523424260939161,
            "min": 0.04648446875313918,
            "max": 0.3988644312446316,
            "count": 12
        },
        "VPlayer.Losses.ValueLoss.mean": {
            "value": 0.20663896749416988,
            "min": 0.005434510003154477,
            "max": 21.150128960609436,
            "count": 12
        },
        "VPlayer.Policy.LearningRate.mean": {
            "value": 0.010000000000000002,
            "min": 0.010000000000000002,
            "max": 0.010000000000000002,
            "count": 12
        },
        "VPlayer.Policy.Epsilon.mean": {
            "value": 0.20000000000000007,
            "min": 0.20000000000000007,
            "max": 0.20000000000000007,
            "count": 12
        },
        "VPlayer.Policy.Beta.mean": {
            "value": 0.005000000000000001,
            "min": 0.005000000000000001,
            "max": 0.005000000000000001,
            "count": 12
        }
    },
    "metadata": {
        "timer_format_version": "0.1.0",
        "start_time_seconds": "1611137084",
        "python_version": "3.8.5 (default, Sep  3 2020, 21:29:08) [MSC v.1916 64 bit (AMD64)]",
        "command_line_arguments": "C:\\Users\\Wijt\\.conda\\envs\\graduation-project\\Scripts\\mlagents-learn config/ppo/VPlayer.yaml --run-id=VPlayer-OLARTIK --force",
        "mlagents_version": "0.23.0",
        "mlagents_envs_version": "0.23.0",
        "communication_protocol_version": "1.3.0",
        "pytorch_version": "1.7.0+cu110",
        "numpy_version": "1.18.5",
        "end_time_seconds": "1611139308"
    },
    "total": 2223.7621555,
    "count": 1,
    "self": 0.01854140000023108,
    "children": {
        "run_training.setup": {
            "total": 0.007044400000000062,
            "count": 1,
            "self": 0.007044400000000062
        },
        "TrainerController.start_learning": {
            "total": 2223.7365697,
            "count": 1,
            "self": 0.6361392000003434,
            "children": {
                "TrainerController._reset_env": {
                    "total": 12.00467399999997,
                    "count": 2,
                    "self": 12.00467399999997
                },
                "TrainerController.advance": {
                    "total": 2210.5661045,
                    "count": 15820,
                    "self": 0.598116499992102,
                    "children": {
                        "env_step": {
                            "total": 2043.572794200002,
                            "count": 15820,
                            "self": 1868.2720816999795,
                            "children": {
                                "SubprocessEnvManager._take_step": {
                                    "total": 174.97145430001166,
                                    "count": 15820,
                                    "self": 2.720586400003299,
                                    "children": {
                                        "TorchPolicy.evaluate": {
                                            "total": 172.25086790000836,
                                            "count": 21734,
                                            "self": 42.11820440001469,
                                            "children": {
                                                "TorchPolicy.sample_actions": {
                                                    "total": 130.13266349999367,
                                                    "count": 21734,
                                                    "self": 130.13266349999367
                                                }
                                            }
                                        }
                                    }
                                },
                                "workers": {
                                    "total": 0.32925820001068473,
                                    "count": 15819,
                                    "self": 0.0,
                                    "children": {
                                        "worker_root": {
                                            "total": 2211.848676900002,
                                            "count": 15819,
                                            "is_parallel": true,
                                            "self": 393.73357640000495,
                                            "children": {
                                                "steps_from_proto": {
                                                    "total": 0.008493599999935597,
                                                    "count": 4,
                                                    "is_parallel": true,
                                                    "self": 0.0010266999999668514,
                                                    "children": {
                                                        "_process_vector_observation": {
                                                            "total": 0.007466899999968746,
                                                            "count": 24,
                                                            "is_parallel": true,
                                                            "self": 0.007466899999968746
                                                        }
                                                    }
                                                },
                                                "UnityEnvironment.step": {
                                                    "total": 1818.1066068999971,
                                                    "count": 15819,
                                                    "is_parallel": true,
                                                    "self": 5.5244255999821235,
                                                    "children": {
                                                        "UnityEnvironment._generate_step_input": {
                                                            "total": 50.40811100001564,
                                                            "count": 15819,
                                                            "is_parallel": true,
                                                            "self": 50.40811100001564
                                                        },