{
    "name": "root",
    "gauges": {
        "VPlayer.Policy.Entropy.mean": {
            "value": 4.581552505493164,
            "min": 4.578167915344238,
            "max": 4.696831703186035,
            "count": 26
        },
        "VPlayer.Environment.EpisodeLength.mean": {
            "value": 8.7,
            "min": 8.265595463137997,
            "max": 9.263581488933601,
            "count": 26
        },
        "VPlayer.Self-play.ELO.mean": {
            "value": 1207.5830889690844,
            "min": 1175.4068950038525,
            "max": 1215.233564849679,
            "count": 26
        },
        "VPlayer.Policy.ExtrinsicValueEstimate.mean": {
            "value": 1.8759961128234863,
            "min": -0.08975467830896378,
            "max": 1.8759961128234863,
            "count": 26
        },
        "VPlayer.Environment.CumulativeReward.mean": {
            "value": 2.2207620960651058,
            "min": 1.7795053256691704,
            "max": 2.2207620960651058,
            "count": 26
        },
        "VPlayer.Policy.ExtrinsicReward.mean": {
            "value": 2.2207620960651058,
            "min": 1.7795053256691704,
            "max": 2.2207620960651058,
            "count": 26
        },
        "VPlayer.IsTraining.mean": {
            "value": 1.0,
            "min": 1.0,
            "max": 1.0,
            "count": 26
        },
        "VPlayer.Losses.PolicyLoss.mean": {
            "value": 0.016776252553487817,
            "min": 0.012315514947598178,
            "max": 0.021059192654987176,
            "count": 12
        },
        "VPlayer.Losses.ValueLoss.mean": {
            "value": 3.7636160453160605,
            "min": 1.3989660024642945,
            "max": 8.242988236745198,
            "count": 12
        },
        "VPlayer.Policy.LearningRate.mean": {
            "value": 0.0003,
            "min": 0.0003,
            "max": 0.0003,
            "count": 12
        },
        "VPlayer.Policy.Epsilon.mean": {
            "value": 0.20000000000000007,
            "min": 0.20000000000000007,
            "max": 0.20000000000000007,
            "count": 12
        },
        "VPlayer.Policy.Beta.mean": {
            "value": 0.005000000000000001,
            "min": 0.005000000000000001,
            "max": 0.005000000000000001,
            "count": 12
        }
    },
    "metadata": {
        "timer_format_version": "0.1.0",
        "start_time_seconds": "1610751610",
        "python_version": "3.8.5 (default, Sep  3 2020, 21:29:08) [MSC v.1916 64 bit (AMD64)]",
        "command_line_arguments": "C:\\Users\\Wijt\\.conda\\envs\\graduation-project\\Scripts\\mlagents-learn config/ppo/VPlayer.yaml --run-id=VPlayer-Second --force",
        "mlagents_version": "0.23.0",
        "mlagents_envs_version": "0.23.0",
        "communication_protocol_version": "1.3.0",
        "pytorch_version": "1.7.0+cu110",
        "numpy_version": "1.18.5",
        "end_time_seconds": "1610756686"
    },
    "total": 5076.5458843999995,
    "count": 1,
    "self": 0.024464599999191705,
    "children": {
        "run_training.setup": {
            "total": 0.012596300000000005,
            "count": 1,
            "self": 0.012596300000000005
        },
        "TrainerController.start_learning": {
            "total": 5076.5088235,
            "count": 1,
            "self": 1.8911862999475488,
            "children": {
                "TrainerController._reset_env": {
                    "total": 6.458016600000092,
                    "count": 2,
                    "self": 6.458016600000092
                },
                "TrainerController.advance": {
                    "total": 5068.159255800052,
                    "count": 46968,
                    "self": 1.7607817000653085,
                    "children": {
                        "env_step": {
                            "total": 3164.6150822999216,
                            "count": 46968,
                            "self": 2675.643169599857,
                            "children": {
                                "SubprocessEnvManager._take_step": {
                                    "total": 487.96438230009517,
                                    "count": 46968,
                                    "self": 7.240481100120178,
                                    "children": {
                                        "TorchPolicy.evaluate": {
                                            "total": 480.723901199975,
                                            "count": 64481,
                                            "self": 124.17536539999844,
                                            "children": {
                                                "TorchPolicy.sample_actions": {
                                                    "total": 356.54853579997655,
                                                    "count": 64481,
                                                    "self": 356.54853579997655
                                                }
                                            }
                                        }
                                    }
                                },
                                "workers": {
                                    "total": 1.0075303999690295,
                                    "count": 46967,
                                    "self": 0.0,
                                    "children": {
                                        "worker_root": {
                                            "total": 5068.949555500027,
                                            "count": 46967,
                                            "is_parallel": true,
                                            "self": 2495.2221234000926,
                                            "children": {
                                                "steps_from_proto": {
                                                    "total": 0.011758899999279926,
                                                    "count": 4,
                                                    "is_parallel": true,
                                                    "self": 0.001539800000721847,
                                                    "children": {
                                                        "_process_vector_observation": {
                                                            "total": 0.010219099998558079,
                                                            "count": 32,
                                                            "is_parallel": true,
                                                            "self": 0.010219099998558079
                                                        }
                                                    }
                                                },
                                                "UnityEnvironment.step": {
                                                    "total": 2573.715673199935,
                                                    "count": 46967,
                                                    "is_parallel": true,
                                                    "self": 11.293458700047267,
                                                    "children": {
                                                        "UnityEnvironment._generate_step_input": {
                                                            "total": 50.881205799950884,
                                                            "count": 46967,
                                                            "is_parallel": true,
                                                            "self": 50.881205799950884
                                                        },
                                                        "communicator.exchange": {
                                                            "total": 2378.5164569999547,