{
    "name": "root",
    "gauges": {
        "VPlayer.Policy.Entropy.mean": {
            "value": 3.393425464630127,
            "min": 3.304363965988159,
            "max": 4.295727252960205,
            "count": 333
        },
        "VPlayer.Environment.EpisodeLength.mean": {
            "value": 18.96825396825397,
            "min": 11.12135922330097,
            "max": 26.37912087912088,
            "count": 333
        },
        "VPlayer.Self-play.ELO.mean": {
            "value": -589.751480171696,
            "min": -589.751480171696,
            "max": 1174.0886008345226,
            "count": 333
        },
        "VPlayer.Policy.ExtrinsicValueEstimate.mean": {
            "value": -3.6831679344177246,
            "min": -4.935222625732422,
            "max": -0.9463533163070679,
            "count": 333
        },
        "VPlayer.Environment.CumulativeReward.mean": {
            "value": -3.4611976950944303,
            "min": -4.840454325245224,
            "max": 5.1829303070739074,
            "count": 333
        },
        "VPlayer.Policy.ExtrinsicReward.mean": {
            "value": -3.4611976950944303,
            "min": -4.840454325245224,
            "max": 5.1829303070739074,
            "count": 333
        },
        "VPlayer.IsTraining.mean": {
            "value": 1.0,
            "min": 1.0,
            "max": 1.0,
            "count": 333
        },
        "VPlayer.Losses.PolicyLoss.mean": {
            "value": 0.018408454100911815,
            "min": 0.01079463705730935,
            "max": 0.08698626053519547,
            "count": 162
        },
        "VPlayer.Losses.ValueLoss.mean": {
            "value": 0.7076551814874014,
            "min": 0.645095439751943,
            "max": 3.947916579246521,
            "count": 162
        },
        "VPlayer.Policy.LearningRate.mean": {
            "value": 0.0009183432881656717,
            "min": 0.0009183432881656717,
            "max": 0.0009843670415632957,
            "count": 162
        },
        "VPlayer.Policy.Epsilon.mean": {
            "value": 0.19183432799999994,
            "min": 0.19183432799999994,
            "max": 0.19843670399999996,
            "count": 162
        },
        "VPlayer.Policy.Beta.mean": {
            "value": 0.004592532967199999,
            "min": 0.004592532967199999,
            "max": 0.004921991529599999,
            "count": 162
        }
    },
    "metadata": {
        "timer_format_version": "0.1.0",
        "start_time_seconds": "1611309490",
        "python_version": "3.8.5 (default, Sep  3 2020, 21:29:08) [MSC v.1916 64 bit (AMD64)]",
        "command_line_arguments": "C:\\Users\\Wijt\\.conda\\envs\\graduation-project\\Scripts\\mlagents-learn config/ppo/VPlayer.yaml --run-id=VPlayer-FirstButCorrected --resume",
        "mlagents_version": "0.23.0",
        "mlagents_envs_version": "0.23.0",
        "communication_protocol_version": "1.3.0",
        "pytorch_version": "1.7.0+cu110",
        "numpy_version": "1.18.5",
        "end_time_seconds": "1611336398"
    },
    "total": 26907.5607678,
    "count": 1,
    "self": 0.04578670000046259,
    "children": {
        "run_training.setup": {
            "total": 0.011833399999999994,
            "count": 1,
            "self": 0.011833399999999994
        },
        "TrainerController.start_learning": {
            "total": 26907.5031477,
            "count": 1,
            "self": 7.256632600558078,
            "children": {
                "TrainerController._reset_env": {
                    "total": 29.817760499979148,
                    "count": 168,
                    "self": 29.817760499979148
                },
                "TrainerController.advance": {
                    "total": 26870.083063399463,
                    "count": 195817,
                    "self": 6.744784799240733,
                    "children": {
                        "env_step": {
                            "total": 25124.532303500688,
                            "count": 195817,
                            "self": 23205.774705400683,
                            "children": {
                                "SubprocessEnvManager._take_step": {
                                    "total": 1914.8409208001501,
                                    "count": 195817,
                                    "self": 31.458547301182307,
                                    "children": {
                                        "TorchPolicy.evaluate": {
                                            "total": 1883.3823734989678,
                                            "count": 280986,
                                            "self": 477.66141929855803,
                                            "children": {
                                                "TorchPolicy.sample_actions": {
                                                    "total": 1405.7209542004098,
                                                    "count": 280986,
                                                    "self": 1405.7209542004098
                                                }
                                            }
                                        }
                                    }
                                },
                                "workers": {
                                    "total": 3.9166772998560937,
                                    "count": 195816,
                                    "self": 0.0,
                                    "children": {
                                        "worker_root": {
                                            "total": 26884.24282940041,
                                            "count": 195816,
                                            "is_parallel": true,
                                            "self": 4267.02343820066,
                                            "children": {
                                                "steps_from_proto": {
                                                    "total": 0.8447306000048496,
                                                    "count": 336,
                                                    "is_parallel": true,
                                                    "self": 0.09925290003837794,
                                                    "children": {
                                                        "_process_vector_observation": {
                                                            "total": 0.7454776999664716,
                                                            "count": 2016,
                                                            "is_parallel": true,
                                                            "self": 0.7454776999664716
                                                        }
                                                    }
                                                },
                                                "UnityEnvironment.step": {
                                                    "total": 22616.374660599744,
                                                    "count": 195816,
                                                    "is_parallel": true,
                                                    "self": 64.51069689990254,
                                                    "children": {
                                                        "UnityEnvironment._generate_step_input": {
                                                            "total": 562.1410017000226,
                                                            "count": 195816,
                                                            "is_parallel": true,
                                                            "self": 562.1410017000226
                                                        },