{
    "name": "root",
    "gauges": {
        "VPlayer.Policy.Entropy.mean": {
            "value": 3.296081066131592,
            "min": 3.2213027477264404,
            "max": 3.3665730953216553,
            "count": 46
        },
        "VPlayer.Environment.EpisodeLength.mean": {
            "value": 11.357142857142858,
            "min": 10.208520179372197,
            "max": 15.158576051779935,
            "count": 46
        },
        "VPlayer.Self-play.ELO.mean": {
            "value": 874.0104584323399,
            "min": 857.4970635830447,
            "max": 1200.0,
            "count": 46
        },
        "VPlayer.Policy.ExtrinsicValueEstimate.mean": {
            "value": -4.816648483276367,
            "min": -4.865309715270996,
            "max": -3.8125040531158447,
            "count": 46
        },
        "VPlayer.Environment.CumulativeReward.mean": {
            "value": -5.074610601691587,
            "min": -5.511666679382325,
            "max": -4.02238764789667,
            "count": 46
        },
        "VPlayer.Policy.ExtrinsicReward.mean": {
            "value": -5.074610601691587,
            "min": -5.511666679382325,
            "max": -4.02238764789667,
            "count": 46
        },
        "VPlayer.IsTraining.mean": {
            "value": 1.0,
            "min": 1.0,
            "max": 1.0,
            "count": 46
        },
        "VPlayer.Losses.PolicyLoss.mean": {
            "value": 0.018766728167732557,
            "min": 0.012679759948514401,
            "max": 0.02139103996256987,
            "count": 22
        },
        "VPlayer.Losses.ValueLoss.mean": {
            "value": 1.1000926951567331,
            "min": 0.3307135447859764,
            "max": 2.0807860294977822,
            "count": 22
        },
        "VPlayer.Policy.LearningRate.mean": {
            "value": 0.0008326273367372683,
            "min": 0.0008326273367372683,
            "max": 0.0008412354158764602,
            "count": 22
        },
        "VPlayer.Policy.Epsilon.mean": {
            "value": 0.18326273200000007,
            "min": 0.18326273200000007,
            "max": 0.18412353999999997,
            "count": 22
        },
        "VPlayer.Policy.Beta.mean": {
            "value": 0.004164810326799999,
            "min": 0.004164810326799999,
            "max": 0.004207764646000002,
            "count": 22
        }
    },
    "metadata": {
        "timer_format_version": "0.1.0",
        "start_time_seconds": "1611389733",
        "python_version": "3.8.5 (default, Sep  3 2020, 21:29:08) [MSC v.1916 64 bit (AMD64)]",
        "command_line_arguments": "C:\\Users\\Wijt\\.conda\\envs\\graduation-project\\Scripts\\mlagents-learn config/ppo/VPlayer.yaml --run-id=VPlayer-FirstButCorrected --resume",
        "mlagents_version": "0.23.0",
        "mlagents_envs_version": "0.23.0",
        "communication_protocol_version": "1.3.0",
        "pytorch_version": "1.7.0+cu110",
        "numpy_version": "1.18.5",
        "end_time_seconds": "1611399289"
    },
    "total": 9556.0404222,
    "count": 1,
    "self": 0.1864435000006779,
    "children": {
        "run_training.setup": {
            "total": 0.03269529999999987,
            "count": 1,
            "self": 0.03269529999999987
        },
        "TrainerController.start_learning": {
            "total": 9555.821283399999,
            "count": 1,
            "self": 1.7465279999378254,
            "children": {
                "TrainerController._reset_env": {
                    "total": 11.615234500002618,
                    "count": 24,
                    "self": 11.615234500002618
                },
                "TrainerController.advance": {
                    "total": 9541.202957700058,
                    "count": 29276,
                    "self": 1.6467785999575426,
                    "children": {
                        "env_step": {
                            "total": 5710.60679160008,
                            "count": 29276,
                            "self": 5274.220770099925,
                            "children": {
                                "SubprocessEnvManager._take_step": {
                                    "total": 435.48672930005034,
                                    "count": 29276,
                                    "self": 6.829479000057063,
                                    "children": {
                                        "TorchPolicy.evaluate": {
                                            "total": 428.6572502999933,
                                            "count": 38152,
                                            "self": 106.60142389990216,
                                            "children": {
                                                "TorchPolicy.sample_actions": {
                                                    "total": 322.0558264000911,
                                                    "count": 38152,
                                                    "self": 322.0558264000911
                                                }
                                            }
                                        }
                                    }
                                },
                                "workers": {
                                    "total": 0.899292200104469,
                                    "count": 29275,
                                    "self": 0.0,
                                    "children": {
                                        "worker_root": {
                                            "total": 9545.086368900016,
                                            "count": 29275,
                                            "is_parallel": true,
                                            "self": 4406.150225899985,
                                            "children": {
                                                "steps_from_proto": {
                                                    "total": 0.2103375999994439,
                                                    "count": 48,
                                                    "is_parallel": true,
                                                    "self": 0.024899300005275293,
                                                    "children": {
                                                        "_process_vector_observation": {
                                                            "total": 0.1854382999941686,
                                                            "count": 288,
                                                            "is_parallel": true,
                                                            "self": 0.1854382999941686
                                                        }
                                                    }
                                                },
                                                "UnityEnvironment.step": {
                                                    "total": 5138.725805400031,
                                                    "count": 29275,
                                                    "is_parallel": true,
                                                    "self": 14.921850899992933,
                                                    "children": {
                                                        "UnityEnvironment._generate_step_input": {
                                                            "total": 121.88463140001019,
                                                            "count": 29275,
                                                            "is_parallel": true,
                                                            "self": 121.88463140001019
                                                        },