{
    "name": "root",
    "gauges": {
        "VPlayer.Policy.Entropy.mean": {
            "value": 3.2482573986053467,
            "min": 2.993382215499878,
            "max": 3.6000277996063232,
            "count": 382
        },
        "VPlayer.Environment.EpisodeLength.mean": {
            "value": 14.573208722741432,
            "min": 7.413445378151261,
            "max": 15.526490066225165,
            "count": 382
        },
        "VPlayer.Self-play.ELO.mean": {
            "value": -769.781099397898,
            "min": -769.781099397898,
            "max": 1146.290880927109,
            "count": 382
        },
        "VPlayer.Policy.ExtrinsicValueEstimate.mean": {
            "value": -4.105492115020752,
            "min": -5.050034523010254,
            "max": -2.487344980239868,
            "count": 382
        },
        "VPlayer.Environment.CumulativeReward.mean": {
            "value": -4.113504435003824,
            "min": -5.403087873626173,
            "max": -2.4347318324092706,
            "count": 382
        },
        "VPlayer.Policy.ExtrinsicReward.mean": {
            "value": -4.113504435003824,
            "min": -5.403087873626173,
            "max": -2.4347318324092706,
            "count": 382
        },
        "VPlayer.IsTraining.mean": {
            "value": 1.0,
            "min": 1.0,
            "max": 1.0,
            "count": 382
        },
        "VPlayer.Losses.PolicyLoss.mean": {
            "value": 0.019964486748601,
            "min": 0.011612783919554203,
            "max": 0.03249891217177113,
            "count": 186
        },
        "VPlayer.Losses.ValueLoss.mean": {
            "value": 1.6488190253575643,
            "min": 0.06515603872636953,
            "max": 15.140491326649984,
            "count": 186
        },
        "VPlayer.Policy.LearningRate.mean": {
            "value": 0.000841855575814444,
            "min": 0.000841855575814444,
            "max": 0.0009176974082302602,
            "count": 186
        },
        "VPlayer.Policy.Epsilon.mean": {
            "value": 0.18418555600000003,
            "min": 0.18418555600000003,
            "max": 0.19176973999999997,
            "count": 186
        },
        "VPlayer.Policy.Beta.mean": {
            "value": 0.004210859244399999,
            "min": 0.004210859244399999,
            "max": 0.004589310025999998,
            "count": 186
        }
    },
    "metadata": {
        "timer_format_version": "0.1.0",
        "start_time_seconds": "1611341438",
        "python_version": "3.8.5 (default, Sep  3 2020, 21:29:08) [MSC v.1916 64 bit (AMD64)]",
        "command_line_arguments": "C:\\Users\\Wijt\\.conda\\envs\\graduation-project\\Scripts\\mlagents-learn config/ppo/VPlayer.yaml --run-id=VPlayer-FirstButCorrected --resume",
        "mlagents_version": "0.23.0",
        "mlagents_envs_version": "0.23.0",
        "communication_protocol_version": "1.3.0",
        "pytorch_version": "1.7.0+cu110",
        "numpy_version": "1.18.5",
        "end_time_seconds": "1611388998"
    },
    "total": 47559.172883399995,
    "count": 1,
    "self": 0.010308499993698206,
    "children": {
        "run_training.setup": {
            "total": 0.00972100000000009,
            "count": 1,
            "self": 0.00972100000000009
        },
        "TrainerController.start_learning": {
            "total": 47559.1528539,
            "count": 1,
            "self": 13.464800299952913,
            "children": {
                "TrainerController._reset_env": {
                    "total": 40.83149420000882,
                    "count": 192,
                    "self": 40.83149420000882
                },
                "TrainerController.advance": {
                    "total": 47504.46346950004,
                    "count": 254986,
                    "self": 12.736793898460746,
                    "children": {
                        "env_step": {
                            "total": 43722.33473120103,
                            "count": 254986,
                            "self": 40316.9727267022,
                            "children": {
                                "SubprocessEnvManager._take_step": {
                                    "total": 3398.10352019907,
                                    "count": 254986,
                                    "self": 54.23781839992489,
                                    "children": {
                                        "TorchPolicy.evaluate": {
                                            "total": 3343.865701799145,
                                            "count": 320704,
                                            "self": 836.2330073006165,
                                            "children": {
                                                "TorchPolicy.sample_actions": {
                                                    "total": 2507.6326944985285,
                                                    "count": 320704,
                                                    "self": 2507.6326944985285
                                                }
                                            }
                                        }
                                    }
                                },
                                "workers": {
                                    "total": 7.25848429975451,
                                    "count": 254985,
                                    "self": 0.0,
                                    "children": {
                                        "worker_root": {
                                            "total": 47529.31776170144,
                                            "count": 254985,
                                            "is_parallel": true,
                                            "self": 8276.729362401697,
                                            "children": {
                                                "steps_from_proto": {
                                                    "total": 1.4105419000180053,
                                                    "count": 384,
                                                    "is_parallel": true,
                                                    "self": 0.17353099996165078,
                                                    "children": {
                                                        "_process_vector_observation": {
                                                            "total": 1.2370109000563545,
                                                            "count": 2304,
                                                            "is_parallel": true,
                                                            "self": 1.2370109000563545
                                                        }
                                                    }
                                                },
                                                "UnityEnvironment.step": {
                                                    "total": 39251.17785739972,
                                                    "count": 254985,
                                                    "is_parallel": true,
                                                    "self": 119.13445989815955,
                                                    "children": {
                                                        "UnityEnvironment._generate_step_input": {
                                                            "total": 955.0636355014885,
                                                            "count": 254985,
                                                            "is_parallel": true,
                                                            "self": 955.0636355014885
                                                        },