{
    "name": "root",
    "gauges": {
        "VPlayer.Policy.Entropy.mean": {
            "value": 3.3968207836151123,
            "min": 3.362910032272339,
            "max": 3.4022231101989746,
            "count": 7
        },
        "VPlayer.Environment.EpisodeLength.mean": {
            "value": 10.181614349775785,
            "min": 9.943107221006565,
            "max": 10.31447963800905,
            "count": 7
        },
        "VPlayer.Self-play.ELO.mean": {
            "value": 891.5608270196176,
            "min": 891.5608270196176,
            "max": 1097.6281820419156,
            "count": 7
        },
        "VPlayer.Policy.ExtrinsicValueEstimate.mean": {
            "value": -4.940062999725342,
            "min": -5.056997776031494,
            "max": -4.180318355560303,
            "count": 7
        },
        "VPlayer.Environment.CumulativeReward.mean": {
            "value": -5.150886507045732,
            "min": -5.2665393939848695,
            "max": -4.4324952337791,
            "count": 7
        },
        "VPlayer.Policy.ExtrinsicReward.mean": {
            "value": -5.150886507045732,
            "min": -5.2665393939848695,
            "max": -4.4324952337791,
            "count": 7
        },
        "VPlayer.IsTraining.mean": {
            "value": 1.0,
            "min": 1.0,
            "max": 1.0,
            "count": 7
        },
        "VPlayer.Losses.PolicyLoss.mean": {
            "value": 0.016549908307691416,
            "min": 0.016549908307691416,
            "max": 0.02041103468897442,
            "count": 3
        },
        "VPlayer.Losses.ValueLoss.mean": {
            "value": 0.15020968653261663,
            "min": 0.019361512797574202,
            "max": 0.6186180412769318,
            "count": 3
        },
        "VPlayer.Policy.LearningRate.mean": {
            "value": 0.0008313272568672762,
            "min": 0.0008313272568672762,
            "max": 0.000832147296785272,
            "count": 3
        },
        "VPlayer.Policy.Epsilon.mean": {
            "value": 0.18313272400000002,
            "min": 0.18313272400000002,
            "max": 0.18321472800000008,
            "count": 3
        },
        "VPlayer.Policy.Beta.mean": {
            "value": 0.004158322927600001,
            "min": 0.004158322927600001,
            "max": 0.0041624149272000005,
            "count": 3
        }
    },
    "metadata": {
        "timer_format_version": "0.1.0",
        "start_time_seconds": "1611404373",
        "python_version": "3.8.5 (default, Sep  3 2020, 21:29:08) [MSC v.1916 64 bit (AMD64)]",
        "command_line_arguments": "C:\\Users\\Wijt\\.conda\\envs\\graduation-project\\Scripts\\mlagents-learn config/ppo/VPlayer.yaml --run-id=VPlayer-FirstButCorrected --resume",
        "mlagents_version": "0.23.0",
        "mlagents_envs_version": "0.23.0",
        "communication_protocol_version": "1.3.0",
        "pytorch_version": "1.7.0+cu110",
        "numpy_version": "1.18.5",
        "end_time_seconds": "1611404882"
    },
    "total": 509.30515570000006,
    "count": 1,
    "self": 0.009338200000058805,
    "children": {
        "run_training.setup": {
            "total": 0.020775099999999824,
            "count": 1,
            "self": 0.020775099999999824
        },
        "TrainerController.start_learning": {
            "total": 509.2750424,
            "count": 1,
            "self": 0.144185800001992,
            "children": {
                "TrainerController._reset_env": {
                    "total": 8.225375099999999,
                    "count": 5,
                    "self": 8.225375099999999
                },
                "TrainerController.advance": {
                    "total": 500.52599959999804,
                    "count": 4851,
                    "self": 0.13421629999470497,
                    "children": {
                        "env_step": {
                            "total": 412.9953135000018,
                            "count": 4851,
                            "self": 379.9567639000022,
                            "children": {
                                "SubprocessEnvManager._take_step": {
                                    "total": 32.95975659999864,
                                    "count": 4851,
                                    "self": 0.5210810999990017,
                                    "children": {
                                        "TorchPolicy.evaluate": {
                                            "total": 32.43867549999964,
                                            "count": 6002,
                                            "self": 7.903368500001868,
                                            "children": {
                                                "TorchPolicy.sample_actions": {
                                                    "total": 24.535306999997772,
                                                    "count": 6002,
                                                    "self": 24.535306999997772
                                                }
                                            }
                                        }
                                    }
                                },
                                "workers": {
                                    "total": 0.0787930000009478,
                                    "count": 4850,
                                    "self": 0.0,
                                    "children": {
                                        "worker_root": {
                                            "total": 503.3546934000013,
                                            "count": 4850,
                                            "is_parallel": true,
                                            "self": 134.194587500002,
                                            "children": {
                                                "steps_from_proto": {
                                                    "total": 0.020880100000059798,
                                                    "count": 10,
                                                    "is_parallel": true,
                                                    "self": 0.00218649999995435,
                                                    "children": {
                                                        "_process_vector_observation": {
                                                            "total": 0.018693600000105448,
                                                            "count": 60,
                                                            "is_parallel": true,
                                                            "self": 0.018693600000105448
                                                        }
                                                    }
                                                },
                                                "UnityEnvironment.step": {
                                                    "total": 369.1392257999992,
                                                    "count": 4850,
                                                    "is_parallel": true,
                                                    "self": 1.1406594000003452,
                                                    "children": {
                                                        "UnityEnvironment._generate_step_input": {
                                                            "total": 8.923222500000762,
                                                            "count": 4850,
                                                            "is_parallel": true,
                                                            "self": 8.923222500000762
                                                        },