{
    "name": "root",
    "gauges": {
        "VPlayer.Policy.Entropy.mean": {
            "value": 4.682628154754639,
            "min": 4.531628608703613,
            "max": 4.714742183685303,
            "count": 587
        },
        "VPlayer.Environment.EpisodeLength.mean": {
            "value": 14.439628482972136,
            "min": 14.148484848484848,
            "max": 15.181229773462784,
            "count": 587
        },
        "VPlayer.Self-play.ELO.mean": {
            "value": -1998.0892438555761,
            "min": -2015.455949162261,
            "max": 1158.7108492398745,
            "count": 587
        },
        "VPlayer.Policy.ExtrinsicValueEstimate.mean": {
            "value": -2.1775782108306885,
            "min": -2.623750925064087,
            "max": -0.05468588322401047,
            "count": 587
        },
        "VPlayer.Environment.CumulativeReward.mean": {
            "value": -2.3620737568119763,
            "min": -2.8556564242340796,
            "max": -1.8884232804661356,
            "count": 587
        },
        "VPlayer.Policy.ExtrinsicReward.mean": {
            "value": -2.3620737568119763,
            "min": -2.8556564242340796,
            "max": -1.8884232804661356,
            "count": 587
        },
        "VPlayer.IsTraining.mean": {
            "value": 1.0,
            "min": 1.0,
            "max": 1.0,
            "count": 587
        },
        "VPlayer.Losses.PolicyLoss.mean": {
            "value": 0.016999063144127528,
            "min": 0.009874652326107024,
            "max": 0.02370564310501019,
            "count": 286
        },
        "VPlayer.Losses.ValueLoss.mean": {
            "value": 0.24352719287077587,
            "min": 0.09606547852357229,
            "max": 5.411651849746704,
            "count": 286
        },
        "VPlayer.Policy.LearningRate.mean": {
            "value": 0.0003,
            "min": 0.0003,
            "max": 0.0003,
            "count": 286
        },
        "VPlayer.Policy.Epsilon.mean": {
            "value": 0.20000000000000007,
            "min": 0.20000000000000007,
            "max": 0.20000000000000007,
            "count": 286
        },
        "VPlayer.Policy.Beta.mean": {
            "value": 0.005000000000000001,
            "min": 0.005000000000000001,
            "max": 0.005000000000000001,
            "count": 286
        }
    },
    "metadata": {
        "timer_format_version": "0.1.0",
        "start_time_seconds": "1611068537",
        "python_version": "3.8.5 (default, Sep  3 2020, 21:29:08) [MSC v.1916 64 bit (AMD64)]",
        "command_line_arguments": "C:\\Users\\Wijt\\.conda\\envs\\graduation-project\\Scripts\\mlagents-learn config/ppo/VPlayer.yaml --run-id=VPlayer-EmreYazar --force",
        "mlagents_version": "0.23.0",
        "mlagents_envs_version": "0.23.0",
        "communication_protocol_version": "1.3.0",
        "pytorch_version": "1.7.0+cu110",
        "numpy_version": "1.18.5",
        "end_time_seconds": "1611113735"
    },
    "total": 45198.2754195,
    "count": 1,
    "self": 0.008954099997936282,
    "children": {
        "run_training.setup": {
            "total": 0.022389900000000296,
            "count": 1,
            "self": 0.022389900000000296
        },
        "TrainerController.start_learning": {
            "total": 45198.244075500006,
            "count": 1,
            "self": 8.585800900727918,
            "children": {
                "TrainerController._reset_env": {
                    "total": 18.53491480000378,
                    "count": 30,
                    "self": 18.53491480000378
                },
                "TrainerController.advance": {
                    "total": 45170.84085769927,
                    "count": 220254,
                    "self": 8.345914999590605,
                    "children": {
                        "env_step": {
                            "total": 41675.43479540148,
                            "count": 220254,
                            "self": 39694.464296102415,
                            "children": {
                                "SubprocessEnvManager._take_step": {
                                    "total": 1976.276320999935,
                                    "count": 220254,
                                    "self": 34.146820401751256,
                                    "children": {
                                        "TorchPolicy.evaluate": {
                                            "total": 1942.1295005981838,
                                            "count": 245078,
                                            "self": 494.7700316981343,
                                            "children": {
                                                "TorchPolicy.sample_actions": {
                                                    "total": 1447.3594689000495,
                                                    "count": 245078,
                                                    "self": 1447.3594689000495
                                                }
                                            }
                                        }
                                    }
                                },
                                "workers": {
                                    "total": 4.694178299130474,
                                    "count": 220253,
                                    "self": 0.0,
                                    "children": {
                                        "worker_root": {
                                            "total": 45177.7053107001,
                                            "count": 220253,
                                            "is_parallel": true,
                                            "self": 6386.364212197943,
                                            "children": {
                                                "steps_from_proto": {
                                                    "total": 0.2944632000337357,
                                                    "count": 60,
                                                    "is_parallel": true,
                                                    "self": 0.02555800003271358,
                                                    "children": {
                                                        "_process_vector_observation": {
                                                            "total": 0.26890520000102214,
                                                            "count": 360,
                                                            "is_parallel": true,
                                                            "self": 0.26890520000102214
                                                        }
                                                    }
                                                },
                                                "UnityEnvironment.step": {
                                                    "total": 38791.04663530212,
                                                    "count": 220253,
                                                    "is_parallel": true,
                                                    "self": 100.39666430641228,
                                                    "children": {
                                                        "UnityEnvironment._generate_step_input": {
                                                            "total": 991.8244832973357,
                                                            "count": 220253,
                                                            "is_parallel": true,
                                                            "self": 991.8244832973357
                                                        },
                                                        "communicator.exchange": {
                                                            "total": 36066.24132249895,