{
    "name": "root",
    "gauges": {
        "VPlayer.Policy.Entropy.mean": {
            "value": 4.427905559539795,
            "min": 4.352812767028809,
            "max": 4.714720726013184,
            "count": 75
        },
        "VPlayer.Environment.EpisodeLength.mean": {
            "value": 8.71124031007752,
            "min": 8.267527675276753,
            "max": 10.015418502202643,
            "count": 75
        },
        "VPlayer.Self-play.ELO.mean": {
            "value": 59.10773814863829,
            "min": 21.86256269404613,
            "max": 1126.6924563487505,
            "count": 75
        },
        "VPlayer.Policy.ExtrinsicValueEstimate.mean": {
            "value": -4.576663494110107,
            "min": -4.73277473449707,
            "max": 0.044923946261405945,
            "count": 75
        },
        "VPlayer.Environment.CumulativeReward.mean": {
            "value": -4.810441348313664,
            "min": -5.024183064373166,
            "max": -3.9609513570572465,
            "count": 75
        },
        "VPlayer.Policy.ExtrinsicReward.mean": {
            "value": -4.810441348313664,
            "min": -5.024183064373166,
            "max": -3.9609513570572465,
            "count": 75
        },
        "VPlayer.IsTraining.mean": {
            "value": 1.0,
            "min": 1.0,
            "max": 1.0,
            "count": 75
        },
        "VPlayer.Losses.PolicyLoss.mean": {
            "value": 0.016167983847359815,
            "min": 0.011683226927804451,
            "max": 0.0200523243440936,
            "count": 36
        },
        "VPlayer.Losses.ValueLoss.mean": {
            "value": 1.478612732887268,
            "min": 1.162512574593226,
            "max": 29.949909019470216,
            "count": 36
        },
        "VPlayer.Policy.LearningRate.mean": {
            "value": 0.000985243521475648,
            "min": 0.000985243521475648,
            "max": 0.0009995901600409844,
            "count": 36
        },
        "VPlayer.Policy.Epsilon.mean": {
            "value": 0.198524352,
            "min": 0.198524352,
            "max": 0.19995901600000007,
            "count": 36
        },
        "VPlayer.Policy.Beta.mean": {
            "value": 0.004926365164799999,
            "min": 0.004926365164799999,
            "max": 0.0049979548984,
            "count": 36
        }
    },
    "metadata": {
        "timer_format_version": "0.1.0",
        "start_time_seconds": "1611404949",
        "python_version": "3.8.5 (default, Sep  3 2020, 21:29:08) [MSC v.1916 64 bit (AMD64)]",
        "command_line_arguments": "C:\\Users\\Wijt\\.conda\\envs\\graduation-project\\Scripts\\mlagents-learn config/ppo/VPlayer.yaml --run-id=VPlayer-Wist",
        "mlagents_version": "0.23.0",
        "mlagents_envs_version": "0.23.0",
        "communication_protocol_version": "1.3.0",
        "pytorch_version": "1.7.0+cu110",
        "numpy_version": "1.18.5",
        "end_time_seconds": "1611411462"
    },
    "total": 6513.148053999999,
    "count": 1,
    "self": 0.030050599999412952,
    "children": {
        "run_training.setup": {
            "total": 0.012786100000000022,
            "count": 1,
            "self": 0.012786100000000022
        },
        "TrainerController.start_learning": {
            "total": 6513.1052173,
            "count": 1,
            "self": 2.020792600005734,
            "children": {
                "TrainerController._reset_env": {
                    "total": 11.779033199998587,
                    "count": 38,
                    "self": 11.779033199998587
                },
                "TrainerController.advance": {
                    "total": 6498.405343599995,
                    "count": 53086,
                    "self": 1.9242143999617838,
                    "children": {
                        "env_step": {
                            "total": 5935.69495590006,
                            "count": 53086,
                            "self": 5489.110533400072,
                            "children": {
                                "SubprocessEnvManager._take_step": {
                                    "total": 445.5287557000137,
                                    "count": 53086,
                                    "self": 7.453091000027143,
                                    "children": {
                                        "TorchPolicy.evaluate": {
                                            "total": 438.07566469998653,
                                            "count": 63590,
                                            "self": 107.52854440003739,
                                            "children": {
                                                "TorchPolicy.sample_actions": {
                                                    "total": 330.54712029994914,
                                                    "count": 63590,
                                                    "self": 330.54712029994914
                                                }
                                            }
                                        }
                                    }
                                },
                                "workers": {
                                    "total": 1.0556667999748193,
                                    "count": 53085,
                                    "self": 0.0,
                                    "children": {
                                        "worker_root": {
                                            "total": 6502.793318799899,
                                            "count": 53085,
                                            "is_parallel": true,
                                            "self": 1165.8177467999021,
                                            "children": {
                                                "steps_from_proto": {
                                                    "total": 0.20319050000309247,
                                                    "count": 76,
                                                    "is_parallel": true,
                                                    "self": 0.023836300003805988,
                                                    "children": {
                                                        "_process_vector_observation": {
                                                            "total": 0.17935419999928648,
                                                            "count": 456,
                                                            "is_parallel": true,
                                                            "self": 0.17935419999928648
                                                        }
                                                    }
                                                },
                                                "UnityEnvironment.step": {
                                                    "total": 5336.772381499994,
                                                    "count": 53085,
                                                    "is_parallel": true,
                                                    "self": 16.54140519995144,
                                                    "children": {
                                                        "UnityEnvironment._generate_step_input": {
                                                            "total": 130.78797829999948,
                                                            "count": 53085,
                                                            "is_parallel": true,
                                                            "self": 130.78797829999948
                                                        },
                                                        "communicator.exchange": {
                                                            "total": 4952.198130700003,