{
    "name": "root",
    "gauges": {
        "VPlayer.Policy.Entropy.mean": {
            "value": 4.66727876663208,
            "min": 4.572661876678467,
            "max": 4.755174160003662,
            "count": 212
        },
        "VPlayer.Environment.EpisodeLength.mean": {
            "value": 14.490683229813664,
            "min": 14.154545454545454,
            "max": 169.78947368421052,
            "count": 212
        },
        "VPlayer.Self-play.ELO.mean": {
            "value": -38.641830569028066,
            "min": -39.62564925646619,
            "max": 1156.9617327116619,
            "count": 212
        },
        "VPlayer.Policy.ExtrinsicValueEstimate.mean": {
            "value": -2.38700795173645,
            "min": -2.6230950355529785,
            "max": -1.9397963285446167,
            "count": 212
        },
        "VPlayer.Environment.CumulativeReward.mean": {
            "value": -2.5914264442384707,
            "min": -9.298015935080391,
            "max": -2.093661611997164,
            "count": 212
        },
        "VPlayer.Policy.ExtrinsicReward.mean": {
            "value": -2.5914264442384707,
            "min": -9.298015935080391,
            "max": -2.093661611997164,
            "count": 212
        },
        "VPlayer.IsTraining.mean": {
            "value": 1.0,
            "min": 1.0,
            "max": 1.0,
            "count": 212
        },
        "VPlayer.Losses.PolicyLoss.mean": {
            "value": 0.015427361708134413,
            "min": 0.010193805287902554,
            "max": 0.022272749974702796,
            "count": 102
        },
        "VPlayer.Losses.ValueLoss.mean": {
            "value": 0.1192079578836759,
            "min": 0.09085570275783539,
            "max": 1.6146932137318146,
            "count": 102
        },
        "VPlayer.Policy.LearningRate.mean": {
            "value": 0.0003,
            "min": 0.0003,
            "max": 0.0003,
            "count": 102
        },
        "VPlayer.Policy.Epsilon.mean": {
            "value": 0.20000000000000007,
            "min": 0.20000000000000004,
            "max": 0.20000000000000007,
            "count": 102
        },
        "VPlayer.Policy.Beta.mean": {
            "value": 0.005000000000000001,
            "min": 0.005000000000000001,
            "max": 0.005000000000000001,
            "count": 102
        }
    },
    "metadata": {
        "timer_format_version": "0.1.0",
        "start_time_seconds": "1610926736",
        "python_version": "3.8.5 (default, Sep  3 2020, 21:29:08) [MSC v.1916 64 bit (AMD64)]",
        "command_line_arguments": "C:\\Users\\Wijt\\.conda\\envs\\graduation-project\\Scripts\\mlagents-learn config/ppo/VPlayer.yaml --run-id=VPlayer-newrules2 --resume",
        "mlagents_version": "0.23.0",
        "mlagents_envs_version": "0.23.0",
        "communication_protocol_version": "1.3.0",
        "pytorch_version": "1.7.0+cu110",
        "numpy_version": "1.18.5",
        "end_time_seconds": "1610939315"
    },
    "total": 12578.5564502,
    "count": 1,
    "self": 0.00859159999890835,
    "children": {
        "run_training.setup": {
            "total": 0.006386299999999956,
            "count": 1,
            "self": 0.006386299999999956
        },
        "TrainerController.start_learning": {
            "total": 12578.541472300001,
            "count": 1,
            "self": 2.457427299748815,
            "children": {
                "TrainerController._reset_env": {
                    "total": 9.408126500000748,
                    "count": 12,
                    "self": 9.408126500000748
                },
                "TrainerController.advance": {
                    "total": 12566.287053600254,
                    "count": 80400,
                    "self": 2.2943446003610006,
                    "children": {
                        "env_step": {
                            "total": 11597.69521669989,
                            "count": 80400,
                            "self": 11067.132375799665,
                            "children": {
                                "SubprocessEnvManager._take_step": {
                                    "total": 529.1511426000238,
                                    "count": 80400,
                                    "self": 9.682452700223507,
                                    "children": {
                                        "TorchPolicy.evaluate": {
                                            "total": 519.4686898998003,
                                            "count": 88802,
                                            "self": 137.7189982996204,
                                            "children": {
                                                "TorchPolicy.sample_actions": {
                                                    "total": 381.7496916001799,
                                                    "count": 88802,
                                                    "self": 381.7496916001799
                                                }
                                            }
                                        }
                                    }
                                },
                                "workers": {
                                    "total": 1.411698300202616,
                                    "count": 80399,
                                    "self": 0.0,
                                    "children": {
                                        "worker_root": {
                                            "total": 12568.430843400049,
                                            "count": 80399,
                                            "is_parallel": true,
                                            "self": 1766.5444841000644,
                                            "children": {
                                                "steps_from_proto": {
                                                    "total": 0.09267840000397065,
                                                    "count": 24,
                                                    "is_parallel": true,
                                                    "self": 0.00804720000160053,
                                                    "children": {
                                                        "_process_vector_observation": {
                                                            "total": 0.08463120000237012,
                                                            "count": 144,
                                                            "is_parallel": true,
                                                            "self": 0.08463120000237012
                                                        }
                                                    }
                                                },
                                                "UnityEnvironment.step": {
                                                    "total": 10801.79368089998,
                                                    "count": 80399,
                                                    "is_parallel": true,
                                                    "self": 27.92569169991839,
                                                    "children": {
                                                        "UnityEnvironment._generate_step_input": {
                                                            "total": 289.8040001001704,
                                                            "count": 80399,
                                                            "is_parallel": true,
                                                            "self": 289.8040001001704
                                                        },
                                                        "communicator.exchange": {
                                                            "total": 10031.453345000025,