{
    "name": "root",
    "gauges": {
        "VPlayer.Policy.Entropy.mean": {
            "value": 4.027692794799805,
            "min": 3.8714144229888916,
            "max": 4.043340682983398,
            "count": 90
        },
        "VPlayer.Environment.EpisodeLength.mean": {
            "value": 26.37704918032787,
            "min": 24.27777777777778,
            "max": 28.405882352941177,
            "count": 90
        },
        "VPlayer.Self-play.ELO.mean": {
            "value": -131.68939293308395,
            "min": -131.68939293308395,
            "max": 1199.7581212811624,
            "count": 90
        },
        "VPlayer.Policy.ExtrinsicValueEstimate.mean": {
            "value": -0.30478325486183167,
            "min": -0.4031955897808075,
            "max": -0.21067354083061218,
            "count": 90
        },
        "VPlayer.Environment.CumulativeReward.mean": {
            "value": -0.3084699417886838,
            "min": -0.45651557771409873,
            "max": -0.18714285303439412,
            "count": 90
        },
        "VPlayer.Policy.ExtrinsicReward.mean": {
            "value": -0.3084699417886838,
            "min": -0.45651557771409873,
            "max": -0.18714285303439412,
            "count": 90
        },
        "VPlayer.IsTraining.mean": {
            "value": 1.0,
            "min": 1.0,
            "max": 1.0,
            "count": 90
        },
        "VPlayer.Losses.PolicyLoss.mean": {
            "value": 0.015806666602535793,
            "min": 0.012293553713243454,
            "max": 0.021380377021462966,
            "count": 43
        },
        "VPlayer.Losses.ValueLoss.mean": {
            "value": 0.014100913765529792,
            "min": 0.010276140210529168,
            "max": 0.027911574952304362,
            "count": 43
        },
        "VPlayer.Policy.LearningRate.mean": {
            "value": 0.00019896207967931803,
            "min": 0.00019896207967931803,
            "max": 0.00020413042995653404,
            "count": 43
        },
        "VPlayer.Policy.Epsilon.mean": {
            "value": 0.16632068200000003,
            "min": 0.16632068200000003,
            "max": 0.16804346600000006,
            "count": 43
        },
        "VPlayer.Policy.Beta.mean": {
            "value": 0.0033194020318000014,
            "min": 0.0033194020318000014,
            "max": 0.003405368953400001,
            "count": 43
        }
    },
    "metadata": {
        "timer_format_version": "0.1.0",
        "start_time_seconds": "1611499057",
        "python_version": "3.8.5 (default, Sep  3 2020, 21:29:08) [MSC v.1916 64 bit (AMD64)]",
        "command_line_arguments": "C:\\Users\\Wijt\\.conda\\envs\\graduation-project\\Scripts\\mlagents-learn config/ppo/VPlayer.yaml --run-id=VPlayer-CRY --resume",
        "mlagents_version": "0.23.0",
        "mlagents_envs_version": "0.23.0",
        "communication_protocol_version": "1.3.0",
        "pytorch_version": "1.7.0+cu110",
        "numpy_version": "1.18.5",
        "end_time_seconds": "1611507059"
    },
    "total": 8001.8516179,
    "count": 1,
    "self": 1.160807900000691,
    "children": {
        "run_training.setup": {
            "total": 0.10017549999999975,
            "count": 1,
            "self": 0.10017549999999975
        },
        "TrainerController.start_learning": {
            "total": 8000.590634499999,
            "count": 1,
            "self": 2.0998222998905476,
            "children": {
                "TrainerController._reset_env": {
                    "total": 26.723107699999126,
                    "count": 10,
                    "self": 26.723107699999126
                },
                "TrainerController.advance": {
                    "total": 7971.53586010011,
                    "count": 47695,
                    "self": 2.014121300078841,
                    "children": {
                        "env_step": {
                            "total": 7382.517282000035,
                            "count": 47695,
                            "self": 6731.455428400048,
                            "children": {
                                "SubprocessEnvManager._take_step": {
                                    "total": 649.9915898001074,
                                    "count": 47695,
                                    "self": 9.91950280015351,
                                    "children": {
                                        "TorchPolicy.evaluate": {
                                            "total": 640.0720869999539,
                                            "count": 74944,
                                            "self": 146.95914159986273,
                                            "children": {
                                                "TorchPolicy.sample_actions": {
                                                    "total": 493.1129454000911,
                                                    "count": 74944,
                                                    "self": 493.1129454000911
                                                }
                                            }
                                        }
                                    }
                                },
                                "workers": {
                                    "total": 1.0702637998802018,
                                    "count": 47694,
                                    "self": 0.0,
                                    "children": {
                                        "worker_root": {
                                            "total": 7974.6395026999435,
                                            "count": 47694,
                                            "is_parallel": true,
                                            "self": 1422.6901520999281,
                                            "children": {
                                                "steps_from_proto": {
                                                    "total": 0.059549399999852426,
                                                    "count": 20,
                                                    "is_parallel": true,
                                                    "self": 0.006750200000464446,
                                                    "children": {
                                                        "_process_vector_observation": {
                                                            "total": 0.05279919999938798,
                                                            "count": 120,
                                                            "is_parallel": true,
                                                            "self": 0.05279919999938798
                                                        }
                                                    }
                                                },
                                                "UnityEnvironment.step": {
                                                    "total": 6551.889801200015,
                                                    "count": 47694,
                                                    "is_parallel": true,
                                                    "self": 19.000449499893875,
                                                    "children": {
                                                        "UnityEnvironment._generate_step_input": {
                                                            "total": 185.9827630000943,
                                                            "count": 47694,
                                                            "is_parallel": true,
                                                            "self": 185.9827630000943
                                                        },